Field100,,Holds,Holds,UD Latencies,UD Latencies,DD Latencies,DD Latencies
,,mean,std,mean,std,mean,std
subject,sessionIndex,,,,,,
P1101,1,128.165,25.08,286.157,261.249,415.066,252.943
P1101,2,126.227,29.335,292.723,232.876,419.694,225.979
P1101,3,112.693,21.92,293.451,193.234,406.683,189.554
P1101,4,123.011,25.017,267.606,183.891,391.658,180.463
P1101,5,119.09,22.281,242.046,169.549,362.039,167.197
P1101,6,120.867,30.736,205.961,153.894,325.951,155.25
P1101,7,109.976,17.035,237.015,159.405,345.293,156.405
P1101,8,120.416,53.026,191.102,150.134,309.351,151.792
P1102,1,132.332,20.667,317.787,327.927,450.907,329.159
P1102,2,123.421,18.163,306.023,308.689,431.211,310.47
P1102,3,120.193,17.562,280.682,272.985,401.459,274.209
P1102,4,117.661,20.051,279.008,275.99,397.643,272.39
P1102,5,129.123,42.932,311.273,295.285,440.271,294.56
P1102,6,134.669,22.575,205.035,223.45,340.074,220.514
P1102,7,141.086,23.597,201.996,229.073,343.196,227.348
P1102,8,131.874,23.11,209.074,245.976,340.975,242.127
P1103,1,118.946,30.098,192.77,226.53,312.7,221.769
P1103,2,117.928,29.986,138.419,194.634,257.9,186.252
P1103,3,111.381,28.909,142.228,188.413,256.685,184.269
P1103,4,112.298,25.901,128.146,174.482,244.06,169.351
P1103,5,109.069,23.864,104.771,143.56,217.579,141.257
P1103,6,117.002,21.875,99.134,147.628,219.533,145.212
P1103,7,114.011,23.383,103.448,157.009,221.498,156.513
P1103,8,112.731,22.526,116.105,159.656,232.586,156.002
P1104,1,104.265,19.138,-19.273,55.443,85.085,47.282
P1104,2,109.509,18.75,-11.776,64.053,97.821,55.065
P1104,3,109.324,20.804,-15.476,65.67,93.868,54.838
P1104,4,107.057,21.29,-22.099,56.373,84.89,47.16
P1104,5,106.433,18.594,-20.164,54.138,86.082,44.983
P1104,6,106.208,18.79,-23.455,52.271,82.188,43.784
P1104,7,108.124,20.372,-22.475,55.358,84.812,46.594
P1104,8,108.137,22.084,-25.162,56.145,81.196,46.117
P1106,1,74.561,16.798,176.215,179.792,247.899,183.186
P1106,2,69.294,13.93,192.308,164.014,259.802,165.73
P1106,3,67.519,14.57,136.059,111.247,201.57,111.398
P1106,4,70.566,15.25,137.221,117.291,206.042,119.086
P1106,5,71.859,12.089,121.556,105.639,192.602,105.256
P1106,6,65.527,14.737,127.144,100.225,192.028,99.39
P1106,7,68.341,9.963,113.671,96.423,182.118,96.335
P1106,8,82.508,16.716,110.125,105.626,191.265,105.778
P1107,1,70.974,30.307,261.392,209.409,335.14,205.401
P1107,2,68.485,25.239,290.149,207.876,360.376,203.279
P1107,3,65.327,22.173,252.809,164.833,319.654,164.524
P1107,4,69.29,23.349,232.324,149.348,303.568,149.493
P1107,5,70.912,23.401,206.958,138.183,279.376,137.979
P1107,6,67.927,21.151,229.85,136.152,299.577,136.181
P1107,7,72.013,44.289,218.961,130.723,293.187,129.465
P1107,8,64.616,23.61,229.268,125.925,295.919,123.032
P1108,1,81.182,14.789,289.494,335.142,371.995,334.635
P1108,2,84.238,15.197,288.534,331.067,374.603,332.54
P1108,3,85.377,13.568,197.762,237.757,284.684,238.02
P1108,4,91.92,15.972,176.467,224.419,269.98,223.049
P1108,5,92.971,19.824,181.623,252.275,276.99,252.997
P1108,6,97.039,16.895,169.291,227.865,267.965,225.731
P1108,7,92.436,17.977,162.926,218.348,257.07,217.509
P1108,8,93.128,16.857,165.411,236.244,260.413,234.352
P1109,1,98.808,22.556,70.53,121.965,171.698,114.635
P1109,2,92.567,18.438,64.904,115.071,158.755,110.949
P1109,3,93.328,21.149,58.114,107.031,153.063,99.777
P1109,4,91.055,19.454,61.124,114.293,153.891,107.481
P1109,5,91.087,18.318,54.314,98.469,146.547,91.853
P1109,6,90.888,20.499,56.522,98.163,149.016,91.817
P1109,7,93.937,19.678,46.929,88.864,142.836,85.318
P1109,8,96.411,20.427,39.92,80.941,138.206,76.144
P1110,1,110.501,34.593,275.16,404.218,387.462,400.84
P1110,2,106.696,29.142,200.114,306.536,307.497,305.355
P1110,3,106.073,28.591,214.714,307.7,321.684,308.605
P1110,4,115.145,33.69,211.892,314.202,329.034,313.082
P1110,5,109.799,25.344,148.78,174.264,259.846,173.836
P1110,6,106.45,25.711,228.946,487.534,336.585,485.886
P1110,7,106.535,28.748,142.068,166.077,249.273,163.138
P1110,8,106.421,26.172,120.306,137.3,227.53,136.696
P1111,1,128.174,31.722,208.632,328.395,338.121,322.277
P1111,2,121.988,26.776,160.286,217.546,283.881,216.612
P1111,3,120.503,29.221,136.047,201.537,258.009,198.558
P1111,4,110.014,30.817,149.692,198.266,259.322,198.697
P1111,5,114.831,25.804,114.372,183.148,230.17,186.155
P1111,6,119.298,25.577,111.503,202.413,231.723,202.266
P1111,7,115.362,25.181,107.016,172.995,224.073,170.131
P1111,8,113.771,21.966,108.143,167.711,221.803,165.551
P1112,1,83.254,23.071,173.81,195.802,258.894,199.073
P1112,2,76.295,21.637,170.761,169.559,247.951,172.345
P1112,3,83.183,23.469,189.405,243.796,273.964,244.385
P1112,4,91.944,28.507,173.115,192.603,267.166,195.088
P1112,5,96.111,34.08,174.271,191.438,272.845,194.121
P1112,6,95.266,25.798,163.879,172.22,261.6,175.853
P1112,7,79.371,21.897,181.17,211.627,262.625,213.598
P1112,8,88.076,22.542,182.661,187.741,272.527,190.0
P1113,1,73.216,19.048,196.425,1355.775,268.738,1354.862
P1113,2,68.056,17.023,117.019,127.482,184.137,124.618
P1113,3,79.453,22.59,102.465,100.842,180.71,92.408
P1113,4,75.793,20.493,101.695,99.656,175.627,94.348
P1113,5,86.785,23.115,113.281,115.481,198.793,108.251
P1113,6,76.726,20.683,107.114,103.578,183.224,98.114
P1113,7,79.23,22.091,115.717,147.824,193.256,143.421
P1113,8,74.879,17.911,109.66,100.215,183.148,96.574
P1114,1,71.201,11.377,425.752,371.717,496.843,372.119
P1114,2,74.251,14.379,367.459,298.168,442.119,299.411
P1114,3,64.317,9.718,289.002,194.333,353.317,193.521
P1114,4,69.211,11.996,309.614,214.266,378.613,211.102
P1114,5,72.342,12.667,332.277,375.52,404.96,376.151
P1114,6,74.156,13.176,342.923,267.376,416.891,265.782
P1114,7,67.567,12.064,318.999,199.509,386.355,197.008
P1114,8,72.14,12.259,328.634,241.065,401.22,241.716
P1115,1,85.567,20.268,62.034,93.95,148.974,96.081
P1115,2,83.486,21.764,63.295,95.766,149.202,97.477
P1115,3,85.575,21.197,60.062,92.626,147.988,93.752
P1115,4,84.898,23.111,49.543,84.193,136.379,83.65
P1115,5,83.449,22.226,59.533,89.208,144.653,89.144
P1115,6,85.025,20.323,61.153,89.509,148.091,88.242
P1115,7,90.615,28.113,68.848,107.131,161.699,105.175
P1115,8,88.956,22.578,70.669,108.782,162.399,106.288
P1117,1,100.726,26.087,124.795,187.627,227.403,188.025
P1117,2,100.36,27.106,83.794,132.063,185.537,129.954
P1117,3,103.417,27.841,72.465,103.752,177.648,98.341
P1117,4,119.401,30.29,56.682,115.731,177.968,108.722
P1117,5,111.145,30.492,53.48,94.825,166.207,86.964
P1117,6,119.043,32.44,31.227,88.458,152.192,82.335
P1117,7,127.71,29.278,18.892,95.394,149.581,91.938
P1117,8,121.118,31.066,16.309,108.269,139.459,103.37
P1118,1,103.29,19.941,194.69,306.862,298.604,311.651
P1118,2,91.406,29.189,119.235,166.563,210.966,169.076
P1118,3,84.311,52.144,87.132,139.984,171.433,147.103
P1118,4,82.972,59.913,74.902,96.281,158.37,114.37
P1118,5,82.341,18.936,82.365,132.817,164.397,134.054
P1118,6,89.026,21.66,95.764,165.5,185.528,171.487
P1118,7,94.692,41.191,73.191,124.603,167.22,128.573
P1118,8,100.493,252.807,92.925,158.224,183.424,164.107
P1119,1,106.773,26.606,134.28,123.201,242.563,117.88
P1119,2,103.208,23.825,127.455,98.825,231.672,95.162
P1119,3,104.521,26.007,138.298,112.271,243.879,107.961
P1119,4,86.522,21.165,144.317,121.365,231.989,117.025
P1119,5,88.599,21.788,141.412,107.632,231.56,104.467
P1119,6,106.778,23.919,127.752,99.419,236.215,95.906
P1119,7,102.094,22.739,123.992,92.922,227.529,86.468
P1119,8,110.673,25.593,122.144,102.766,234.719,98.249
P1121,1,88.461,23.651,190.307,228.597,277.719,224.027
P1121,2,105.923,88.755,132.28,185.31,231.292,193.644
P1121,3,81.212,20.556,107.419,129.095,186.629,128.789
P1121,4,72.589,19.703,130.004,152.289,200.048,150.181
P1121,5,83.576,30.406,79.681,101.774,160.506,101.826
P1121,6,78.822,19.789,82.954,117.63,160.331,117.44
P1121,7,84.442,28.804,82.307,126.911,165.238,125.62
P1121,8,82.332,21.704,73.524,116.864,153.977,114.097
P1122,1,73.09,11.639,125.3,116.564,199.266,118.44
P1122,2,76.119,14.263,113.76,91.49,191.141,93.166
P1122,3,77.11,12.34,94.955,80.173,172.453,81.768
P1122,4,71.541,11.718,105.348,99.719,177.354,100.647
P1122,5,75.012,12.388,81.734,68.503,157.525,68.429
P1122,6,81.444,15.551,82.22,74.41,164.027,72.361
P1122,7,84.127,16.541,78.873,68.538,164.268,66.346
P1122,8,84.469,16.238,74.87,70.536,160.678,68.178
P1123,1,82.269,22.566,167.573,115.556,251.544,116.273
P1123,2,80.239,23.239,126.788,102.152,208.817,98.998
P1123,3,82.491,21.762,123.008,121.781,207.74,121.231
P1123,4,79.482,19.932,111.07,104.42,192.299,102.638
P1123,5,81.387,22.835,100.752,85.225,184.619,84.376
P1123,6,82.522,25.365,94.807,86.844,179.717,83.825
P1123,7,80.39,23.671,106.359,106.617,189.32,105.159
P1123,8,83.595,19.876,89.212,91.817,173.993,87.694
P1124,1,81.162,14.658,111.629,124.716,193.417,123.055
P1124,2,98.631,17.59,109.593,125.805,208.789,126.531
P1124,3,107.961,20.703,82.27,129.424,190.744,127.388
P1124,4,94.807,18.51,83.481,105.518,178.542,104.564
P1124,5,89.844,16.464,69.565,74.15,157.975,70.432
P1124,6,105.286,19.734,59.58,81.166,164.507,79.0
P1124,7,94.45,17.214,62.465,77.129,157.72,72.714
P1124,8,93.477,18.531,100.488,144.59,194.725,144.518
P1126,1,107.213,26.424,104.52,160.826,215.078,152.174
P1126,2,104.046,25.787,101.427,161.48,208.394,152.617
P1126,3,112.724,29.263,95.674,169.893,211.883,159.817
P1126,4,109.572,33.44,91.312,156.856,205.263,147.997
P1126,5,107.265,28.532,63.329,113.037,174.129,100.934
P1126,6,108.009,29.273,75.902,155.897,187.512,148.162
P1126,7,111.906,42.153,87.691,166.136,202.838,159.64
P1126,8,113.685,30.145,82.262,145.521,198.129,133.063
P1127,1,112.725,24.445,134.165,220.221,249.366,217.899
P1127,2,103.343,27.604,98.678,175.987,206.319,170.721
P1127,3,95.008,23.828,81.078,182.667,179.73,181.929
P1127,4,95.642,25.842,77.108,147.556,176.797,145.266
P1127,5,103.811,23.751,77.113,159.403,183.868,155.548
P1127,6,90.499,23.392,67.176,136.821,159.695,133.266
P1127,7,91.729,23.554,96.823,172.23,190.71,166.922
P1127,8,99.117,22.754,75.046,172.715,177.353,170.006
P1128,1,77.546,16.188,231.775,208.266,310.04,208.715
P1128,2,88.025,17.24,140.698,112.159,228.92,113.283
P1128,3,84.927,16.156,140.941,216.651,225.82,215.987
P1128,4,84.149,15.524,125.189,84.459,209.273,82.488
P1128,5,86.36,16.142,118.544,75.023,205.466,71.045
P1128,6,86.774,16.721,114.59,71.018,201.306,66.276
P1128,7,85.224,17.77,95.877,69.773,181.374,64.248
P1128,8,92.736,16.677,104.7,84.833,197.939,81.742
P1129,1,101.725,31.318,33.069,91.207,135.675,82.908
P1129,2,103.902,30.153,23.484,67.658,127.168,59.385
P1129,3,106.909,30.597,20.082,72.177,127.407,70.318
P1129,4,103.25,25.366,17.66,66.063,120.164,60.556
P1129,5,102.979,25.727,23.184,85.148,125.926,78.532
P1129,6,102.401,26.487,17.959,65.09,120.952,60.612
P1129,7,101.653,28.422,14.073,63.898,114.643,59.512
P1129,8,102.079,35.633,16.953,68.173,117.363,60.203
P1130,1,85.668,18.485,256.45,277.161,344.09,276.542
P1130,2,86.916,18.879,175.629,182.024,264.51,181.4
P1130,3,84.323,20.666,127.445,141.119,214.113,139.002
P1130,4,93.391,19.798,112.245,125.909,208.107,123.445
P1130,5,86.003,18.055,108.202,118.924,196.326,115.239
P1130,6,84.502,17.741,104.084,126.978,190.911,126.284
P1130,7,101.287,23.824,92.73,111.431,196.571,106.794
P1130,8,94.847,31.186,87.006,107.861,183.149,99.611
P1131,1,89.135,19.973,133.021,153.952,224.169,154.421
P1131,2,91.343,22.834,154.017,188.084,248.098,183.852
P1131,3,96.156,19.275,142.627,202.664,241.635,202.211
P1131,4,111.033,24.371,192.971,235.196,308.262,231.914
P1131,5,92.316,20.299,145.42,177.956,240.398,173.775
P1131,6,96.867,23.734,150.434,187.78,250.892,181.385
P1131,7,102.987,23.965,153.831,212.651,260.301,205.279
P1131,8,101.696,23.087,151.76,196.225,257.027,187.702
P1132,1,97.834,17.216,136.355,182.145,235.931,184.622
P1132,2,96.671,21.053,102.784,148.973,201.305,152.401
P1132,3,87.983,18.255,96.437,137.305,185.961,137.755
P1132,4,94.407,17.188,82.68,115.014,179.015,118.16
P1132,5,95.987,19.242,87.001,120.978,184.558,120.055
P1132,6,97.68,18.555,87.704,107.732,186.865,108.693
P1132,7,96.106,19.078,79.146,88.853,177.269,91.603
P1132,8,93.94,20.263,76.383,108.587,172.361,109.203
P1133,1,83.375,21.067,349.698,355.741,431.465,357.647
P1133,2,69.697,19.035,300.625,246.597,369.36,246.472
P1133,3,64.957,17.633,274.556,232.052,339.751,233.272
P1133,4,66.262,19.699,266.789,220.456,332.298,220.595
P1133,5,62.453,17.729,256.067,211.156,318.444,214.562
P1133,6,63.775,17.121,245.301,200.571,308.823,201.084
P1133,7,75.769,20.956,257.201,222.375,333.172,225.344
P1133,8,67.9,20.011,247.482,222.443,314.432,224.789
P1134,1,83.944,13.178,73.646,91.817,158.672,91.452
P1134,2,87.783,15.865,58.263,87.915,146.953,83.99
P1134,3,90.197,15.98,46.813,79.255,138.427,75.461
P1134,4,88.871,12.711,38.939,68.433,128.737,65.04
P1134,5,93.129,16.226,26.134,64.37,121.775,58.019
P1134,6,87.115,14.786,36.429,73.097,124.807,69.252
P1134,7,83.858,13.464,32.421,65.825,117.409,63.778
P1134,8,87.956,16.565,28.011,61.172,117.526,58.008
P1135,1,85.997,14.605,156.19,160.218,242.866,161.245
P1135,2,88.72,16.041,143.343,138.125,232.936,139.834
P1135,3,91.931,16.545,115.19,109.85,208.477,111.688
P1135,4,88.047,59.192,126.37,115.91,212.862,119.928
P1135,5,88.801,17.194,108.068,83.873,197.909,89.728
P1135,6,90.971,17.266,104.74,90.555,196.821,93.108
P1135,7,101.873,19.729,107.725,86.465,211.185,87.123
P1135,8,93.117,25.38,112.225,116.824,207.602,118.997
P1136,1,118.204,84.454,188.27,225.544,308.735,236.132
P1136,2,133.344,94.988,130.014,193.823,263.433,203.39
P1136,3,134.538,142.364,100.296,184.026,238.696,204.012
P1136,4,115.543,47.653,101.41,173.432,219.46,170.187
P1136,5,133.632,141.727,82.34,177.401,220.869,192.535
P1136,6,124.09,118.607,84.457,157.181,211.94,191.085
P1136,7,123.952,73.304,68.305,129.344,191.501,135.71
P1136,8,127.37,143.37,57.592,155.419,189.081,158.16
P1137,1,108.358,22.659,111.44,162.841,222.189,164.363
P1137,2,107.391,21.335,92.781,157.695,201.906,160.746
P1137,3,103.099,20.533,74.494,113.825,180.297,115.544
P1137,4,127.475,18.951,32.286,97.156,161.227,99.971
P1137,5,139.027,21.104,38.872,146.124,180.099,146.707
P1137,6,135.325,21.441,13.196,119.048,151.412,120.713
P1137,7,139.241,22.4,8.155,86.735,150.719,85.638
P1137,8,138.211,24.5,15.896,105.186,156.709,102.262
P1138,1,56.168,7.449,177.506,170.996,233.102,170.723
P1138,2,55.637,7.895,139.607,98.394,194.499,97.597
P1138,3,56.489,9.463,173.358,119.509,229.133,119.542
P1138,4,61.745,41.083,146.993,97.588,208.067,103.647
P1138,5,65.394,17.408,158.192,96.204,222.061,95.249
P1138,6,62.803,18.951,167.638,477.169,229.115,477.391
P1138,7,61.442,10.34,143.827,101.749,203.748,101.485
P1138,8,61.687,9.941,128.877,82.811,189.186,83.335
P1139,1,80.935,22.582,142.073,197.96,224.972,197.683
P1139,2,85.821,20.344,104.556,121.118,192.092,121.314
P1139,3,84.885,21.795,79.915,106.057,166.583,105.57
P1139,4,84.319,23.6,96.187,143.094,183.19,142.571
P1139,5,79.315,21.784,104.96,142.623,186.157,143.171
P1139,6,91.378,26.37,76.76,109.742,170.75,111.217
P1139,7,84.731,24.023,74.325,108.809,161.499,108.038
P1139,8,84.486,24.808,65.172,114.36,152.571,112.746
P1140,1,130.041,27.469,55.089,144.94,182.927,148.425
P1140,2,135.017,25.744,57.143,134.706,191.003,133.894
P1140,3,132.54,34.902,25.319,98.552,157.101,98.022
P1140,4,128.578,35.488,19.743,88.176,146.624,89.84
P1140,5,130.314,31.754,20.748,85.213,150.205,81.956
P1140,6,132.064,29.187,33.174,93.474,162.288,87.886
P1140,7,131.723,26.226,31.525,97.924,161.225,91.223
P1140,8,141.043,32.584,35.24,107.998,173.991,101.654
P1141,1,94.788,21.929,100.709,152.551,196.281,147.088
P1141,2,93.432,23.395,84.779,113.242,177.997,105.3
P1141,3,91.409,19.578,69.038,83.547,160.862,77.301
P1141,4,108.527,27.282,61.949,106.392,170.692,96.521
P1141,5,95.527,21.576,54.845,89.007,150.793,81.537
P1141,6,98.295,20.592,84.897,380.36,183.323,380.505
P1141,7,110.119,22.407,30.714,68.743,141.542,54.356
P1141,8,112.715,26.986,49.614,91.933,162.946,78.467
P1143,1,93.828,23.541,191.049,152.211,288.285,162.638
P1143,2,99.756,20.461,124.557,133.579,226.512,138.008
P1143,3,102.119,23.23,118.629,135.742,224.316,142.173
P1143,4,102.454,23.128,104.605,129.409,210.819,135.654
P1143,5,95.839,19.644,92.364,114.202,190.734,118.637
P1143,6,99.645,17.848,97.834,116.432,199.934,120.677
P1143,7,100.059,20.687,97.949,113.456,200.179,115.543
P1143,8,99.623,18.875,80.525,101.706,182.052,100.371
P1144,1,73.899,12.25,200.124,195.049,271.997,195.066
P1144,2,75.927,15.927,177.63,190.248,251.51,190.412
P1144,3,74.077,14.444,172.238,272.58,244.138,272.508
P1144,4,70.564,11.858,117.693,112.791,186.039,113.067
P1144,5,72.583,51.877,121.499,118.718,192.083,128.329
P1144,6,72.342,15.864,115.671,102.202,185.738,102.858
P1144,7,78.747,59.946,153.021,147.77,229.842,158.562
P1144,8,82.352,161.337,114.496,113.901,192.722,191.736
P1146,1,74.075,16.873,381.461,280.385,456.546,277.949
P1146,2,71.632,14.302,328.87,259.259,400.789,257.0
P1146,3,66.917,14.391,326.126,219.06,393.315,216.0
P1146,4,71.493,17.503,288.73,214.448,360.659,212.095
P1146,5,77.47,17.554,290.383,210.816,368.214,207.148
P1146,6,78.43,16.138,303.743,221.266,382.339,218.532
P1146,7,73.811,19.198,281.177,217.447,356.166,211.663
P1146,8,74.306,15.877,250.4,188.307,325.481,184.721
P1147,1,91.677,14.136,98.899,156.432,189.135,155.19
P1147,2,98.483,17.039,75.589,114.045,172.87,111.045
P1147,3,93.253,15.02,49.006,89.315,140.799,85.515
P1147,4,90.703,14.184,41.298,81.409,130.418,78.755
P1147,5,111.833,20.685,37.545,91.178,147.29,85.78
P1147,6,94.621,15.255,34.748,74.178,128.522,72.264
P1147,7,99.474,15.925,32.131,89.455,131.274,89.887
P1147,8,93.667,14.188,28.583,60.841,121.457,59.133
P1148,1,144.646,24.615,39.168,124.181,187.878,118.122
P1148,2,147.251,27.078,21.741,124.192,174.2,119.611
P1148,3,155.388,28.869,5.527,109.125,166.712,101.618
P1148,4,156.588,34.404,55.982,164.853,217.912,154.42
P1148,5,154.269,29.522,34.759,131.254,194.717,123.159
P1148,6,146.723,29.585,19.215,93.887,171.915,86.124
P1148,7,148.522,28.995,42.297,118.82,195.209,107.594
P1148,8,148.785,31.179,43.003,119.528,197.56,113.609
P1149,1,94.116,22.021,75.503,75.41,168.129,77.171
P1149,2,85.313,24.687,66.047,57.957,148.436,62.502
P1149,3,86.559,43.688,58.496,54.215,141.877,68.348
P1149,4,90.69,32.761,53.984,111.486,139.575,111.959
P1149,5,93.198,26.704,38.92,53.88,127.024,50.567
P1149,6,93.259,22.591,30.806,63.535,122.008,60.83
P1149,7,103.417,30.708,25.222,61.349,125.581,64.075
P1149,8,99.707,29.544,18.675,56.153,112.885,53.306
P1150,1,89.353,14.137,441.093,1147.611,528.677,1147.125
P1150,2,88.223,13.295,252.778,226.607,339.55,223.781
P1150,3,91.362,14.532,297.064,264.14,387.26,261.248
P1150,4,89.752,12.657,215.145,206.162,303.408,205.268
P1150,5,89.547,12.358,200.475,168.074,288.658,165.917
P1150,6,86.825,12.07,204.539,179.698,290.368,178.289
P1150,7,89.317,11.972,196.632,174.832,284.595,171.92
P1150,8,88.364,12.401,194.412,153.844,281.902,150.862
P1151,1,111.449,18.99,167.676,188.137,276.805,190.252
P1151,2,117.765,24.177,112.623,155.414,227.224,148.794
P1151,3,114.661,21.562,88.036,133.897,200.074,131.372
P1151,4,107.405,15.644,75.312,129.051,181.62,126.728
P1151,5,111.529,20.499,63.334,114.633,174.474,110.442
P1151,6,109.659,17.994,65.418,128.272,174.765,125.304
P1151,7,113.201,21.083,56.55,110.455,169.455,105.025
P1151,8,116.59,21.354,67.297,127.897,183.859,122.887
P1152,1,78.935,12.791,82.79,120.575,160.697,118.84
P1152,2,76.673,13.457,58.901,92.223,135.615,89.964
P1152,3,89.234,18.838,52.736,102.093,142.748,101.358
P1152,4,90.022,15.48,57.847,112.682,148.346,109.907
P1152,5,87.923,16.381,55.874,84.791,144.077,81.206
P1152,6,93.476,17.93,53.519,106.003,148.331,103.531
P1152,7,89.731,15.944,51.788,87.158,141.929,85.154
P1152,8,94.127,16.935,40.561,77.148,135.899,71.66
P1153,1,121.038,21.959,342.382,426.403,460.103,420.731
P1153,2,116.629,18.421,252.334,319.585,369.523,315.116
P1153,3,111.569,17.496,246.271,339.152,358.038,335.651
P1153,4,106.02,17.591,212.552,267.913,318.602,263.459
P1153,5,116.388,19.505,196.162,262.174,313.116,257.128
P1153,6,119.76,25.547,185.444,257.06,305.129,251.615
P1153,7,115.181,21.687,184.727,258.966,299.846,253.927
P1153,8,117.93,18.041,161.39,236.243,279.471,231.847
P1154,1,90.008,12.602,395.508,284.743,486.12,280.571
P1154,2,85.59,12.126,264.629,300.489,351.306,298.198
P1154,3,89.811,13.322,258.322,181.986,349.242,179.467
P1154,4,90.74,13.209,196.036,139.141,287.195,137.146
P1154,5,83.949,12.216,214.498,139.115,299.21,136.259
P1154,6,89.975,12.629,188.209,142.951,278.3,141.924
P1154,7,88.443,12.619,196.082,125.232,285.003,122.219
P1154,8,86.544,13.059,194.621,121.622,281.644,120.948
P1155,1,88.595,19.643,239.084,254.375,326.587,253.771
P1155,2,82.177,15.584,179.553,212.148,261.179,213.396
P1155,3,79.735,14.817,185.695,179.274,264.924,179.052
P1155,4,82.962,17.129,159.328,156.69,243.099,156.867
P1155,5,79.497,18.359,140.741,148.439,221.147,147.24
P1155,6,86.794,17.012,131.818,132.67,219.548,133.186
P1155,7,91.43,18.936,112.576,145.879,205.341,143.362
P1155,8,95.83,19.052,112.09,201.547,209.149,199.473
P1156,1,122.612,29.15,356.671,381.008,482.074,376.829
P1156,2,116.163,26.257,380.022,475.31,499.224,472.013
P1156,3,117.997,26.493,260.494,298.048,381.429,296.14
P1156,4,132.347,30.929,245.913,270.005,379.419,264.896
P1156,5,133.853,31.627,241.877,323.374,378.333,317.187
P1156,6,130.081,39.208,231.716,331.326,362.268,323.239
P1156,7,127.069,29.187,196.383,260.092,325.85,250.157
P1156,8,142.198,366.244,300.063,862.159,428.989,857.649
P1157,1,96.95,31.333,481.156,519.282,580.701,520.006
P1157,2,102.225,29.826,268.26,288.14,373.223,281.976
P1157,3,104.409,30.651,224.035,236.346,330.519,230.125
P1157,4,93.017,28.232,243.929,388.835,339.32,387.788
P1157,5,108.897,32.362,213.982,215.399,325.243,210.399
P1157,6,104.355,28.089,166.962,165.743,273.834,161.857
P1157,7,99.045,26.972,179.618,183.519,281.031,179.831
P1157,8,95.962,24.516,173.31,192.291,271.545,190.502
P1158,1,110.807,27.657,268.182,342.47,378.264,336.671
P1158,2,114.829,32.077,200.637,220.5,314.759,210.625
P1158,3,121.05,33.421,222.711,244.488,342.568,235.51
P1158,4,124.322,39.192,178.917,200.691,302.295,189.065
P1158,5,124.362,34.97,177.003,187.502,300.603,175.956
P1158,6,124.001,37.356,172.361,191.534,295.194,179.445
P1158,7,126.49,36.912,164.693,213.301,289.911,200.959
P1158,8,133.22,40.592,148.429,168.538,281.035,155.422
P1159,1,71.953,12.193,223.819,221.428,294.441,221.144
P1159,2,73.759,14.472,210.825,198.928,282.985,198.21
P1159,3,72.831,13.967,217.763,210.009,289.0,210.486
P1159,4,73.828,14.66,194.958,169.428,267.001,170.368
P1159,5,75.472,14.056,193.468,178.045,267.945,178.197
P1159,6,73.312,14.013,158.794,126.624,230.332,125.6
P1159,7,72.566,14.707,182.204,197.204,253.116,195.649
P1159,8,72.519,14.381,186.416,184.591,257.498,183.748
P1160,1,83.589,21.131,203.848,258.191,289.259,260.761
P1160,2,87.08,23.374,176.342,198.109,264.615,202.058
P1160,3,86.372,22.114,124.913,143.857,212.496,143.7
P1160,4,89.935,23.507,108.968,123.456,200.03,120.825
P1160,5,83.14,20.944,91.922,108.696,176.771,104.223
P1160,6,88.745,26.151,115.76,143.826,206.488,140.301
P1160,7,90.46,26.528,104.737,121.653,197.544,117.038
P1160,8,81.998,22.802,100.074,111.525,183.805,107.461
P1161,1,91.988,23.597,62.345,88.906,157.552,90.119
P1161,2,93.843,26.353,45.127,78.549,142.482,75.169
P1161,3,94.187,55.217,46.543,176.387,143.826,180.263
P1161,4,95.772,23.375,36.722,77.93,135.389,79.244
P1161,5,92.974,20.436,34.632,73.547,129.814,71.609
P1161,6,99.194,23.673,28.595,78.564,129.681,75.745
P1161,7,98.686,22.391,22.962,74.476,123.689,70.398
P1161,8,96.067,20.651,30.752,67.744,129.525,64.718
P1162,1,145.613,30.119,208.312,246.06,355.315,246.334
P1162,2,157.259,35.786,126.377,159.587,286.581,152.75
P1162,3,155.579,37.675,96.288,139.06,255.172,135.945
P1162,4,150.494,37.624,83.044,126.465,236.62,117.592
P1162,5,154.321,39.935,77.552,148.674,235.508,146.314
P1162,6,149.11,40.033,61.94,148.021,214.659,143.69
P1162,7,145.358,39.586,65.057,159.985,213.095,154.636
P1162,8,156.99,40.55,65.744,161.74,226.178,162.206
P1163,1,142.966,26.297,181.861,238.393,326.814,234.583
P1163,2,145.757,28.504,152.685,207.292,300.614,204.843
P1163,3,142.503,27.91,164.702,212.371,309.208,211.713
P1163,4,133.771,26.037,126.052,308.517,261.95,307.076
P1163,5,149.181,28.304,139.318,182.252,290.615,180.412
P1163,6,128.207,26.312,110.492,162.229,240.951,157.329
P1163,7,140.24,25.655,123.1,174.116,266.045,169.735
P1163,8,136.129,30.325,127.613,245.116,266.5,240.56
P1164,1,69.402,14.874,288.268,271.751,357.699,271.99
P1164,2,68.143,38.988,239.026,180.416,307.483,181.785
P1164,3,69.633,15.985,223.609,156.907,293.573,157.012
P1164,4,72.044,12.661,226.999,140.049,299.726,137.164
P1164,5,73.738,12.225,212.701,173.498,286.727,170.774
P1164,6,71.749,11.716,198.256,137.13,270.422,134.232
P1164,7,72.892,12.106,205.982,275.117,279.13,273.57
P1164,8,71.579,12.463,180.393,127.757,252.361,125.023
P1165,1,108.226,24.093,141.12,160.463,250.921,157.666
P1165,2,99.924,21.642,88.109,95.902,188.779,94.452
P1165,3,114.244,23.212,103.59,69.552,218.251,67.665
P1165,4,98.929,22.746,86.469,85.902,186.446,82.275
P1165,5,96.123,21.746,85.536,91.903,182.149,87.605
P1165,6,95.693,21.192,95.82,74.459,192.283,76.02
P1165,7,105.801,21.579,86.525,67.772,192.795,66.539
P1165,8,99.551,22.26,82.701,63.835,182.956,61.278
P1166,1,89.232,27.449,228.609,301.488,315.973,296.606
P1166,2,101.846,26.606,206.439,173.506,306.208,167.615
P1166,3,94.837,24.717,137.321,106.891,230.413,100.619
P1166,4,100.555,26.912,141.619,163.094,241.512,154.753
P1166,5,104.224,30.845,135.999,142.021,240.79,136.388
P1166,6,108.781,30.959,97.879,139.784,206.799,129.378
P1166,7,110.749,31.674,101.482,151.736,210.702,140.035
P1166,8,104.57,54.356,84.374,135.283,187.481,133.744
P1167,1,135.947,26.362,230.016,297.25,364.086,296.159
P1167,2,133.639,27.165,167.012,222.479,299.529,219.636
P1167,3,136.141,28.169,114.668,136.763,249.655,129.38
P1167,4,131.744,29.56,112.101,130.605,241.695,127.888
P1167,5,134.588,28.781,89.798,103.19,221.611,101.146
P1167,6,128.681,24.383,97.242,118.423,224.442,119.081
P1167,7,137.212,27.54,79.182,88.135,214.83,82.569
P1167,8,133.569,25.858,71.083,81.816,203.433,77.431
P1168,1,90.575,21.143,157.096,139.304,248.473,140.262
P1168,2,92.187,23.781,152.362,184.123,244.728,184.843
P1168,3,79.004,18.344,146.388,148.56,225.643,146.968
P1168,4,78.919,18.731,134.845,141.365,214.122,139.159
P1168,5,77.76,18.572,114.396,113.383,191.563,110.436
P1168,6,85.205,17.9,111.342,119.471,196.235,116.671
P1168,7,80.796,20.534,116.834,162.934,196.107,160.831
P1168,8,81.236,22.273,120.235,141.742,198.841,143.585
P1169,1,94.913,15.034,214.998,243.454,308.693,240.996
P1169,2,93.366,16.202,148.978,162.993,240.207,161.046
P1169,3,96.021,16.794,119.26,123.173,213.359,121.152
P1169,4,93.448,15.322,127.91,145.208,220.197,144.147
P1169,5,96.472,16.966,116.953,131.454,211.868,129.538
P1169,6,96.26,15.181,105.34,113.685,200.86,112.24
P1169,7,95.805,15.514,96.9,94.037,191.654,91.357
P1169,8,98.763,16.373,82.827,85.584,179.902,82.968
P1173,1,71.256,13.017,189.381,171.984,261.568,169.688
P1173,2,76.199,14.141,148.28,104.338,225.668,104.115
P1173,3,77.218,12.56,133.017,112.876,211.114,111.892
P1173,4,78.217,13.969,143.934,112.735,223.56,111.528
P1173,5,78.065,11.156,133.623,115.846,212.917,115.459
P1173,6,80.768,13.007,125.884,96.309,207.627,96.979
P1173,7,75.878,11.119,124.329,104.531,201.496,104.863
P1173,8,81.525,13.957,115.779,115.207,198.831,113.642
P1174,1,88.497,21.991,99.814,125.834,189.669,122.618
P1174,2,99.997,27.747,107.157,155.166,206.912,152.653
P1174,3,92.467,24.4,80.374,113.282,174.136,107.795
P1174,4,98.675,27.157,87.855,127.103,188.239,121.213
P1174,5,110.638,42.02,87.435,114.485,197.672,108.924
P1174,6,95.845,24.534,72.764,97.563,170.003,92.97
P1174,7,95.795,23.583,89.549,104.895,186.722,105.098
P1174,8,94.652,21.145,86.587,114.73,182.401,114.885
P1176,1,88.972,21.288,172.29,223.458,261.428,221.322
P1176,2,83.512,21.727,118.436,159.588,202.528,153.825
P1176,3,96.584,28.891,85.592,135.245,184.507,128.097
P1176,4,91.025,26.279,75.175,146.586,167.778,140.106
P1176,5,92.009,26.489,72.414,142.582,166.171,137.613
P1176,6,104.621,275.301,60.149,135.93,166.128,310.168
P1176,7,90.766,23.974,67.573,139.546,159.977,135.865
P1176,8,106.663,317.466,79.463,168.283,189.759,365.88
P1177,1,96.264,12.463,115.551,176.673,211.442,175.679
P1177,2,101.333,14.317,66.956,115.379,168.492,113.287
P1177,3,102.217,15.108,54.335,81.365,156.604,79.131
P1177,4,103.977,17.921,40.816,68.099,144.436,68.427
P1177,5,98.644,16.986,29.671,81.117,127.584,79.292
P1177,6,112.276,23.047,24.319,69.169,136.203,66.277
P1177,7,107.831,20.524,23.109,87.013,128.62,83.218
P1177,8,108.612,21.394,20.369,74.897,128.498,66.667
P1178,1,87.674,16.111,458.456,579.346,546.42,578.222
P1178,2,108.078,56.981,349.932,445.691,453.58,447.732
P1178,3,102.302,76.37,424.144,639.941,521.667,645.898
P1178,4,93.455,26.522,349.397,506.666,443.282,507.61
P1178,5,99.69,31.45,320.782,473.834,420.661,473.254
P1178,6,99.851,30.741,285.788,405.396,385.283,404.708
P1178,7,96.114,23.639,272.377,366.684,368.523,367.718
P1178,8,100.029,30.264,260.246,402.402,359.4,398.85
P1179,1,88.084,20.015,344.828,382.998,431.477,384.682
P1179,2,88.256,20.002,309.013,379.789,396.925,380.78
P1179,3,99.246,41.401,219.902,276.538,320.098,281.677
P1179,4,102.254,35.455,175.813,209.276,279.859,214.317
P1179,5,98.549,29.316,162.198,196.327,262.498,196.717
P1179,6,98.738,28.919,146.274,173.767,246.7,177.335
P1179,7,107.121,100.481,152.158,243.25,259.725,263.827
P1179,8,105.208,31.497,113.385,159.318,221.078,158.991
P1180,1,136.322,25.888,209.469,317.926,345.358,311.731
P1180,2,137.471,23.274,143.212,256.895,280.775,251.706
P1180,3,136.71,22.73,112.925,202.894,249.97,197.136
P1180,4,134.132,25.214,101.459,220.144,235.992,214.182
P1180,5,146.574,27.416,149.987,295.936,297.937,295.967
P1180,6,127.45,20.792,93.132,192.146,221.643,189.186
P1180,7,131.07,28.248,83.351,214.968,216.564,209.725
P1180,8,129.878,25.132,69.604,162.469,201.823,158.81
P1181,1,78.143,18.898,141.365,218.511,221.274,216.578
P1181,2,76.809,17.653,108.785,151.993,186.78,150.53
P1181,3,74.581,17.984,82.34,115.415,158.94,114.711
P1181,4,75.975,18.09,80.583,140.498,158.204,141.18
P1181,5,73.246,18.449,67.971,91.548,143.038,90.284
P1181,6,71.565,15.525,63.42,88.886,136.542,87.703
P1181,7,73.211,18.813,54.858,92.011,129.982,91.289
P1181,8,73.687,18.514,55.643,89.798,131.387,89.534
P1182,1,101.402,22.335,235.634,272.519,337.91,270.536
P1182,2,86.631,20.941,209.739,210.671,297.96,208.09
P1182,3,88.727,21.178,178.328,183.087,268.584,180.467
P1182,4,96.192,27.451,184.021,193.096,282.201,190.15
P1182,5,88.211,24.419,164.913,165.483,255.467,162.174
P1182,6,103.767,29.858,167.325,192.199,273.693,190.021
P1182,7,95.051,27.887,160.161,156.872,257.663,155.235
P1182,8,89.857,31.475,170.367,207.42,261.809,205.82
P1183,1,75.391,13.076,453.551,606.445,529.649,605.814
P1183,2,74.461,19.688,283.462,274.886,358.381,271.828
P1183,3,76.406,7.611,242.31,262.131,318.635,260.394
P1183,4,73.132,7.194,157.437,116.886,230.209,114.812
P1183,5,78.559,9.056,165.722,176.385,243.844,174.069
P1183,6,80.769,13.363,145.951,115.408,226.179,112.777
P1183,7,77.369,8.479,128.982,93.68,205.857,91.986
P1183,8,79.747,8.079,133.428,129.51,212.66,128.826
P1186,1,89.602,31.683,105.072,125.756,192.904,125.647
P1186,2,90.328,29.491,89.9,116.014,181.942,111.373
P1186,3,91.099,28.189,71.507,104.746,163.926,99.034
P1186,4,96.284,34.339,52.19,96.568,149.291,93.788
P1186,5,89.214,34.973,46.874,84.67,135.162,80.903
P1186,6,94.419,28.426,43.313,90.318,137.469,87.414
P1186,7,97.12,31.119,38.478,96.994,135.536,90.786
P1186,8,97.693,35.086,42.897,101.564,143.313,99.058
P1188,1,104.227,22.338,157.964,214.244,260.805,214.308
P1188,2,101.982,17.967,111.419,130.728,213.504,127.254
P1188,3,99.946,19.548,91.065,108.53,190.093,103.97
P1188,4,91.379,21.807,92.65,107.754,184.763,107.517
P1188,5,99.583,19.084,76.144,104.612,176.02,101.579
P1188,6,93.243,20.925,70.38,92.225,163.716,89.223
P1188,7,87.579,16.399,73.717,105.864,161.671,105.366
P1188,8,91.787,18.434,63.917,99.363,155.511,97.353
P1189,1,82.144,25.493,232.57,196.732,315.651,192.472
P1189,2,77.46,24.708,240.912,285.065,318.96,283.405
P1189,3,89.364,27.039,189.206,152.947,279.677,148.827
P1189,4,90.147,27.663,155.419,177.772,247.079,176.461
P1189,5,84.603,21.808,168.452,175.671,253.527,172.267
P1189,6,80.798,23.439,162.017,177.042,243.096,177.285
P1189,7,87.715,21.49,136.048,120.669,224.184,115.942
P1189,8,79.186,17.138,129.499,141.88,208.439,140.257
P1190,1,133.007,26.194,86.457,131.281,222.044,130.637
P1190,2,126.344,27.055,66.665,129.766,197.291,127.477
P1190,3,126.541,26.623,61.537,128.399,191.372,127.139
P1190,4,121.298,28.477,62.101,168.229,187.053,165.387
P1190,5,129.804,28.59,121.641,840.378,255.21,839.494
P1190,6,122.471,27.341,55.261,137.907,181.181,134.495
P1190,7,122.841,27.811,51.542,104.349,178.378,101.519
P1190,8,119.651,27.944,45.935,122.958,169.621,120.942
P1191,1,95.59,25.262,239.077,273.538,334.869,264.72
P1191,2,117.849,28.175,198.525,248.657,317.295,237.984
P1191,3,103.125,26.493,154.512,157.24,259.135,142.685
P1191,4,106.446,25.341,150.873,211.384,258.07,203.448
P1191,5,106.023,25.795,182.143,188.403,289.884,181.995
P1191,6,101.214,23.891,140.424,146.233,243.354,136.376
P1191,7,99.939,25.0,136.715,197.246,238.747,189.921
P1191,8,82.628,21.641,125.158,152.688,208.839,146.176
P1192,1,118.671,30.587,114.524,166.583,229.862,166.593
P1192,2,111.677,27.675,88.088,154.121,195.702,151.394
P1192,3,104.227,28.103,61.241,149.037,161.097,142.529
P1192,4,110.818,27.442,44.565,94.699,152.454,87.191
P1192,5,109.796,34.377,60.909,94.177,166.279,81.403
P1192,6,106.976,35.071,47.29,79.759,149.19,68.781
P1192,7,110.673,35.985,58.51,118.487,164.577,107.893
P1192,8,113.423,30.944,40.148,95.215,150.229,82.11
P1193,1,162.787,36.966,469.549,498.633,634.953,486.182
P1193,2,166.057,33.827,322.066,351.149,490.522,339.41
P1193,3,164.235,36.465,273.921,550.211,440.76,548.393
P1193,4,165.422,31.041,270.22,281.581,437.625,272.655
P1193,5,161.299,32.569,240.931,320.23,404.122,313.771
P1193,6,165.511,33.106,214.186,231.349,381.114,221.46
P1193,7,155.886,30.968,229.126,238.486,386.842,233.144
P1193,8,170.394,34.433,208.687,256.988,382.009,251.615
P1195,1,99.487,20.251,182.826,219.206,282.421,216.179
P1195,2,106.873,30.851,183.799,216.917,289.233,209.593
P1195,3,98.801,19.798,126.492,128.837,224.022,126.163
P1195,4,102.452,21.799,106.926,122.383,208.559,117.918
P1195,5,104.535,25.009,88.672,120.17,193.354,115.096
P1195,6,108.613,33.563,81.813,107.345,190.268,97.559
P1195,7,106.977,27.035,80.518,96.875,187.125,91.206
P1195,8,107.663,23.022,81.58,133.027,189.738,127.106
P1197,1,85.263,20.877,509.853,516.723,595.329,518.136
P1197,2,80.863,17.541,339.476,385.573,419.431,386.441
P1197,3,93.203,20.801,428.229,439.917,520.771,439.245
P1197,4,96.008,21.77,196.872,231.85,293.744,229.862
P1197,5,98.564,22.23,215.371,317.609,314.831,317.997
P1197,6,99.613,21.886,196.929,222.158,297.386,221.289
P1197,7,96.796,21.694,172.438,178.21,269.761,176.31
P1197,8,97.736,20.4,159.218,184.687,256.637,183.614
P1199,1,98.782,19.245,91.418,126.299,190.41,127.709
P1199,2,89.215,17.828,65.744,113.286,154.642,114.039
P1199,3,97.1,19.531,44.786,98.496,142.312,97.274
P1199,4,93.279,19.055,40.264,82.712,133.465,83.788
P1199,5,95.265,20.094,28.761,62.096,124.239,60.711
P1199,6,98.66,25.897,30.633,69.947,129.088,68.789
P1199,7,97.417,22.308,30.507,69.446,127.451,68.536
P1199,8,93.513,23.608,30.682,66.144,123.872,64.853
P1200,1,80.825,18.182,246.595,314.326,328.596,312.411
P1200,2,89.08,24.561,109.205,170.633,197.884,172.267
P1200,3,93.51,24.73,78.643,129.27,174.246,130.41
P1200,4,87.884,18.239,86.597,133.733,175.781,132.862
P1200,5,87.936,19.385,85.537,178.298,175.074,178.272
P1200,6,92.526,19.383,80.184,144.244,173.819,145.233
P1200,7,90.249,19.564,63.436,138.136,153.732,137.036
P1200,8,100.512,26.494,60.062,117.828,160.532,115.987
P1201,1,122.242,25.164,206.495,329.611,328.752,325.682
P1201,2,118.781,23.86,174.22,290.612,293.704,287.454
P1201,3,116.61,21.165,117.937,179.192,234.772,174.324
P1201,4,119.665,22.834,120.778,180.81,240.202,176.08
P1201,5,119.48,22.458,102.216,158.543,222.35,153.797
P1201,6,114.845,20.673,117.247,418.313,231.941,417.51
P1201,7,113.528,20.903,83.261,134.36,197.068,130.885
P1201,8,124.498,29.824,77.025,147.659,203.16,142.018
P1202,1,98.454,10.886,249.004,252.959,347.975,251.529
P1202,2,99.65,12.242,188.536,213.49,287.911,210.738
P1202,3,96.542,10.197,183.12,178.746,279.558,176.025
P1202,4,104.28,14.083,172.63,168.769,276.987,165.639
P1202,5,109.491,15.71,146.756,119.811,256.683,116.36
P1202,6,106.3,17.482,153.356,207.055,259.705,206.28
P1202,7,103.971,35.335,128.971,196.75,233.214,198.135
P1202,8,103.497,15.476,102.77,112.42,206.523,111.19
P1203,1,91.809,19.629,160.971,229.263,251.721,227.606
P1203,2,92.036,20.177,171.413,179.055,262.364,176.801
P1203,3,86.791,16.147,141.692,157.613,227.984,156.502
P1203,4,90.687,16.091,145.48,224.994,235.493,223.839
P1203,5,86.256,15.639,124.334,155.756,210.606,154.392
P1203,6,92.166,17.424,111.046,159.356,202.797,158.722
P1203,7,92.764,16.617,95.254,134.889,188.046,133.694
P1203,8,90.17,15.955,81.885,132.54,172.418,134.124
P1204,1,92.464,24.665,219.2,308.076,315.023,303.656
P1204,2,102.814,28.416,195.095,332.283,301.776,328.274
P1204,3,115.068,37.133,171.436,215.649,291.47,213.052
P1204,4,106.055,33.164,113.055,150.836,222.188,144.373
P1204,5,99.88,30.038,96.628,130.67,199.996,122.866
P1204,6,101.12,26.096,93.537,103.838,196.398,96.664
P1204,7,96.654,24.037,85.168,105.329,183.821,97.817
P1204,8,97.623,25.383,92.454,113.999,191.886,105.277
P1206,1,88.029,11.391,196.423,245.791,284.616,247.419
P1206,2,89.284,12.498,197.41,224.432,286.824,224.535
P1206,3,91.949,13.576,201.335,214.264,293.144,214.409
P1206,4,95.479,14.126,176.889,226.941,272.86,227.911
P1206,5,96.112,13.17,198.384,222.827,295.324,222.135
P1206,6,96.415,13.509,185.745,233.155,282.714,233.079
P1206,7,97.871,42.155,196.642,255.718,293.579,255.08
P1206,8,98.019,15.547,177.788,239.284,277.241,239.226
P1207,1,99.439,18.652,157.306,175.478,256.951,176.126
P1207,2,95.742,19.715,95.856,128.298,191.248,128.557
P1207,3,93.055,19.815,74.714,78.647,167.773,75.748
P1207,4,100.147,19.319,106.416,122.799,207.371,115.213
P1207,5,88.378,18.84,75.166,89.924,163.842,87.854
P1207,6,90.961,17.548,89.571,109.758,180.273,106.092
P1207,7,96.472,20.042,72.389,102.133,168.204,101.345
P1207,8,94.651,20.889,71.959,95.53,166.784,93.804
P1208,1,80.248,18.848,101.175,132.273,180.658,134.591
P1208,2,82.166,19.355,93.625,128.322,174.219,131.571
P1208,3,95.521,24.037,72.693,113.828,167.942,116.714
P1208,4,98.865,23.93,61.654,122.023,159.77,125.462
P1208,5,82.24,19.073,67.624,130.218,148.523,132.615
P1208,6,80.185,20.295,65.869,104.819,145.223,107.841
P1208,7,83.205,22.156,55.038,89.51,137.196,86.67
P1208,8,92.671,22.616,76.928,153.055,168.21,154.464
P1209,1,164.481,28.944,123.569,266.047,286.834,261.045
P1209,2,157.645,28.163,77.52,158.163,234.961,148.97
P1209,3,163.896,28.505,97.908,176.795,261.169,167.669
P1209,4,162.409,27.482,77.624,148.149,239.474,141.801
P1209,5,170.876,32.17,68.342,174.062,238.097,167.82
P1209,6,166.633,33.202,63.508,171.398,228.18,159.781
P1209,7,164.213,36.625,60.035,144.826,223.346,132.496
P1209,8,183.817,35.568,57.817,157.131,240.368,141.142
P1210,1,116.135,18.36,548.184,590.768,664.285,591.561
P1210,2,108.836,21.401,372.048,349.172,479.144,349.694
P1210,3,112.982,19.305,348.365,261.386,461.35,262.046
P1210,4,109.822,17.349,224.293,199.161,334.184,198.557
P1210,5,105.413,16.044,218.086,215.225,323.305,216.39
P1210,6,101.053,14.114,228.785,177.241,330.232,176.94
P1210,7,101.553,16.459,214.901,157.264,316.458,154.837
P1210,8,100.835,14.989,201.469,145.181,302.746,144.101
P1211,1,71.457,18.603,135.806,160.9,207.188,164.525
P1211,2,75.664,17.69,118.004,124.968,192.898,124.934
P1211,3,78.015,18.411,121.503,113.65,199.44,112.142
P1211,4,74.5,17.685,118.429,137.503,193.187,136.393
P1211,5,78.358,18.239,104.574,128.166,182.615,127.982
P1211,6,77.75,20.136,91.712,104.994,169.703,105.898
P1211,7,73.671,18.189,96.348,103.174,169.512,105.256
P1211,8,78.304,20.542,96.316,104.69,173.713,104.537
P1213,1,79.32,13.744,130.625,140.575,209.127,138.036
P1213,2,80.221,11.471,111.068,105.912,189.764,106.362
P1213,3,84.662,13.317,120.526,138.277,203.294,138.021
P1213,4,82.438,14.304,104.221,131.248,185.059,128.441
P1213,5,83.254,13.621,89.941,108.594,171.696,107.955
P1213,6,84.756,15.812,100.267,111.759,183.204,110.767
P1213,7,86.364,14.017,94.932,90.42,179.679,89.289
P1213,8,85.022,15.705,102.704,120.236,186.213,120.791
P1214,1,172.138,32.806,335.848,323.707,506.51,318.138
P1214,2,168.127,47.322,242.617,244.223,409.021,238.221
P1214,3,216.489,288.614,219.785,247.361,414.693,324.421
P1214,4,166.188,59.175,220.249,274.249,384.535,279.22
P1214,5,163.654,31.922,214.72,200.262,377.746,190.615
P1214,6,159.089,31.32,215.524,218.003,372.112,209.335
P1214,7,161.105,29.565,173.666,182.26,331.638,176.021
P1214,8,169.533,33.782,203.402,222.762,368.34,221.003
P1215,1,105.7,31.341,73.32,94.366,176.775,92.247
P1215,2,99.995,40.526,79.432,90.214,172.213,90.873
P1215,3,106.267,34.133,55.237,71.433,158.857,71.234
P1215,4,107.728,38.317,40.808,78.985,145.363,68.839
P1215,5,115.351,38.802,39.079,77.099,152.164,67.823
P1215,6,116.213,38.183,40.851,100.535,152.563,94.833
P1215,7,108.692,44.365,46.84,91.032,151.073,82.61
P1215,8,124.209,86.946,38.372,100.228,155.137,91.972
P1216,1,98.784,21.029,361.919,375.619,459.75,374.858
P1216,2,100.821,24.282,248.644,257.292,348.527,254.518
P1216,3,102.075,25.28,193.765,162.696,295.69,156.911
P1216,4,102.646,24.676,184.334,160.957,285.725,158.864
P1216,5,107.223,22.291,175.53,161.685,282.564,161.226
P1216,6,110.122,23.253,152.346,132.312,263.048,131.055
P1216,7,100.573,23.136,133.398,114.814,234.19,111.973
P1216,8,102.286,23.237,143.632,130.267,247.066,126.154
P1217,1,90.531,34.952,312.13,218.967,396.041,215.85
P1217,2,88.45,24.3,303.392,288.319,388.111,287.042
P1217,3,88.983,27.344,255.486,204.349,339.968,202.811
P1217,4,91.395,30.62,226.281,162.948,313.883,157.16
P1217,5,88.497,24.903,286.895,171.771,371.113,168.982
P1217,6,86.955,30.151,217.608,153.333,300.371,144.398
P1217,7,88.104,28.132,210.253,129.588,293.918,121.4
P1217,8,95.795,35.48,204.175,154.874,295.196,144.333
P1218,1,97.307,18.328,195.963,735.553,291.08,733.965
P1218,2,90.244,17.788,242.016,257.369,331.147,253.648
P1218,3,96.917,30.236,137.999,174.886,232.998,172.985
P1218,4,100.534,30.672,159.387,173.432,258.233,168.169
P1218,5,95.974,19.268,154.058,205.966,248.125,202.995
P1218,6,94.342,18.873,114.12,152.228,206.578,148.442
P1218,7,99.243,24.987,115.56,152.641,213.88,145.006
P1218,8,109.922,22.067,116.482,174.012,224.44,167.545